<?xml version="1.0" encoding="UTF-8"?>
<!--
  ~ Copyright (C) 2016 by Vashistha kumar
  ~
  ~    Permission is hereby granted, free of charge, to any person obtaining a copy
  ~    of this software and associated documentation files (the "Software"), to deal
  ~    in the Software without restriction, including without limitation the rights
  ~    to use, copy, modify, merge, publish, distribute, sublicense, and/or sell
  ~    copies of the Software, and to permit persons to whom the Software is
  ~    furnished to do so, subject to the following conditions:
  ~
  ~    The above copyright notice and this permission notice shall be included in
  ~    all copies or substantial portions of the Software.
  ~
  ~    THE SOFTWARE IS PROVIDED "AS IS", WITHOUT WARRANTY OF ANY KIND, EXPRESS OR
  ~    IMPLIED, INCLUDING BUT NOT LIMITED TO THE WARRANTIES OF MERCHANTABILITY,
  ~    FITNESS FOR A PARTICULAR PURPOSE AND NONINFRINGEMENT. IN NO EVENT SHALL THE
  ~    AUTHORS OR COPYRIGHT HOLDERS BE LIABLE FOR ANY CLAIM, DAMAGES OR OTHER
  ~    LIABILITY, WHETHER IN AN ACTION OF CONTRACT, TORT OR OTHERWISE, ARISING FROM,
  ~    OUT OF OR IN CONNECTION WITH THE SOFTWARE OR THE USE OR OTHER DEALINGS IN
  ~    THE SOFTWARE.
  -->

<beans xmlns="http://www.springframework.org/schema/beans"
  xmlns:batch="http://www.springframework.org/schema/batch" xmlns:xsi="http://www.w3.org/2001/XMLSchema-instance"
  xsi:schemaLocation="http://www.springframework.org/schema/batch
    http://www.springframework.org/schema/batch/spring-batch.xsd
    http://www.springframework.org/schema/beans 
    http://www.springframework.org/schema/beans/spring-beans.xsd">

  <import resource="classpath:/batch-context.xml" />
  <import resource="classpath:/database.xml" />
  
  <batch:job id="cobolFileAnalyserJob">
    <batch:step id="listFiles" next="codeMetrics">
      <batch:tasklet>
        <batch:chunk reader="fileListReader" writer="cobolCrawlerWriter" processor="fileListProcessor" commit-interval="10" />
      </batch:tasklet>
    </batch:step>
    <batch:step id="codeMetrics">
      <batch:tasklet>
        <batch:chunk reader="cobolCrawlerReader" writer="cobolCrawlerWriter" processor="codeMetricsProcessor" commit-interval="10" />
      </batch:tasklet>
    </batch:step>
  </batch:job>
  
  <bean id="fileListReader" class="com.vk.crawler.cobol.batch.FileListReader" scope="step"/>
  <bean id="fileListProcessor" class="com.vk.crawler.cobol.batch.FileListProcessor" scope="step"/>
  
  <bean id="codeMetricsProcessor" class="com.vk.crawler.cobol.batch.CobolCodeMetricsProcessor" scope="step"/>
  
  
  <bean id="cobolCrawlerWriter" class="org.springframework.batch.item.database.JpaItemWriter">
    <property name="entityManagerFactory" ref="entityManagerFactory" />
  </bean>
  
  <bean id="cobolCrawlerReader" class="org.springframework.batch.item.database.JpaPagingItemReader" scope="step">
    <property name="entityManagerFactory" ref="entityManagerFactory" />
    <property name="queryString" value="select cf from CobolFileEntity cf where cf.triggerId = #{jobParameters[triggerId]}"/>
    <property name="pageSize" value="100"/>
  </bean>
  
  <bean id="cobolCrawler" class="com.vk.crawler.cobol.InvokeCobolCrawlerBatch"/>
</beans>