<?xml version="1.0" encoding="UTF-8"?>
<!--
  ~ Copyright (C) 2016 by Vashistha kumar
  ~
  ~    Permission is hereby granted, free of charge, to any person obtaining a copy
  ~    of this software and associated documentation files (the "Software"), to deal
  ~    in the Software without restriction, including without limitation the rights
  ~    to use, copy, modify, merge, publish, distribute, sublicense, and/or sell
  ~    copies of the Software, and to permit persons to whom the Software is
  ~    furnished to do so, subject to the following conditions:
  ~
  ~    The above copyright notice and this permission notice shall be included in
  ~    all copies or substantial portions of the Software.
  ~
  ~    THE SOFTWARE IS PROVIDED "AS IS", WITHOUT WARRANTY OF ANY KIND, EXPRESS OR
  ~    IMPLIED, INCLUDING BUT NOT LIMITED TO THE WARRANTIES OF MERCHANTABILITY,
  ~    FITNESS FOR A PARTICULAR PURPOSE AND NONINFRINGEMENT. IN NO EVENT SHALL THE
  ~    AUTHORS OR COPYRIGHT HOLDERS BE LIABLE FOR ANY CLAIM, DAMAGES OR OTHER
  ~    LIABILITY, WHETHER IN AN ACTION OF CONTRACT, TORT OR OTHERWISE, ARISING FROM,
  ~    OUT OF OR IN CONNECTION WITH THE SOFTWARE OR THE USE OR OTHER DEALINGS IN
  ~    THE SOFTWARE.
  -->

<beans xmlns="http://www.springframework.org/schema/beans"
       xmlns:xsi="http://www.w3.org/2001/XMLSchema-instance"
       xmlns:jdbc="http://www.springframework.org/schema/jdbc"
       xsi:schemaLocation="http://www.springframework.org/schema/beans
       http://www.springframework.org/schema/beans/spring-beans.xsd
       http://www.springframework.org/schema/jdbc
       http://www.springframework.org/schema/jdbc/spring-jdbc.xsd">

  <import resource="classpath:persistence-context.xml"/>
  
  <!-- Spring should auto load this bean - this is required to resolve annotation in Item reader, Processor or writer-->
  <bean class="org.springframework.batch.core.scope.StepScope" />

  <!-- stored job-meta in database -->
  <bean id="jobRepository" class="org.springframework.batch.core.repository.support.JobRepositoryFactoryBean" >
    <property name="dataSource" ref="dataSource" />
    <property name="transactionManager" ref="transactionManager" />
    <property name="databaseType" value="derby" />
    <property name="tablePrefix" value="BATCH.VI_"/>
  </bean>

  <bean id="jobLauncher"
        class="org.springframework.batch.core.launch.support.SimpleJobLauncher">
    <property name="jobRepository" ref="jobRepository" />
  </bean>

  
  <!-- create job-meta tables automatically -->
<!--
  <jdbc:initialize-database data-source="dataSource">
    <jdbc:script location="org/springframework/batch/core/schema-drop-derby.sql" />
    <jdbc:script location="org/springframework/batch/core/schema-derby.sql" />
  </jdbc:initialize-database>
-->

</beans>