<?xml version="1.0" encoding="UTF-8"?>
<!--
  ~ Copyright (C) 2016 by Vashistha kumar
  ~
  ~    Permission is hereby granted, free of charge, to any person obtaining a copy
  ~    of this software and associated documentation files (the "Software"), to deal
  ~    in the Software without restriction, including without limitation the rights
  ~    to use, copy, modify, merge, publish, distribute, sublicense, and/or sell
  ~    copies of the Software, and to permit persons to whom the Software is
  ~    furnished to do so, subject to the following conditions:
  ~
  ~    The above copyright notice and this permission notice shall be included in
  ~    all copies or substantial portions of the Software.
  ~
  ~    THE SOFTWARE IS PROVIDED "AS IS", WITHOUT WARRANTY OF ANY KIND, EXPRESS OR
  ~    IMPLIED, INCLUDING BUT NOT LIMITED TO THE WARRANTIES OF MERCHANTABILITY,
  ~    FITNESS FOR A PARTICULAR PURPOSE AND NONINFRINGEMENT. IN NO EVENT SHALL THE
  ~    AUTHORS OR COPYRIGHT HOLDERS BE LIABLE FOR ANY CLAIM, DAMAGES OR OTHER
  ~    LIABILITY, WHETHER IN AN ACTION OF CONTRACT, TORT OR OTHERWISE, ARISING FROM,
  ~    OUT OF OR IN CONNECTION WITH THE SOFTWARE OR THE USE OR OTHER DEALINGS IN
  ~    THE SOFTWARE.
  -->

<beans xmlns="http://www.springframework.org/schema/beans"
  xmlns:xsi="http://www.w3.org/2001/XMLSchema-instance"
  xsi:schemaLocation="http://www.springframework.org/schema/beans 
    http://www.springframework.org/schema/beans/spring-beans.xsd">

  <!-- connect to Derby database. To avoid exception due to two datasource, make one datasource primary -->
  <bean id="dataSource" primary="true"
    class="org.springframework.jdbc.datasource.DriverManagerDataSource">
    <property name="driverClassName" value="org.apache.derby.jdbc.ClientDriver" />
    <property name="url" value="jdbc:derby://localhost:1527/JSF;create=true" />
    <property name="username" value="root" />
    <property name="password" value="abcd@1234" />
  </bean>

  <bean id="dataSource2" primary="false"
        class="org.springframework.jdbc.datasource.DriverManagerDataSource">
    <property name="driverClassName" value="org.apache.derby.jdbc.ClientDriver" />
    <property name="url" value="jdbc:derby://localhost:1527/JSF;create=true" />
    <property name="username" value="root" />
    <property name="password" value="abcd@1234" />
  </bean>
</beans>