<?xml version="1.0" encoding="UTF-8"?>
<!--
  ~ Copyright (C) 2016 by Vashistha kumar
  ~
  ~    Permission is hereby granted, free of charge, to any person obtaining a copy
  ~    of this software and associated documentation files (the "Software"), to deal
  ~    in the Software without restriction, including without limitation the rights
  ~    to use, copy, modify, merge, publish, distribute, sublicense, and/or sell
  ~    copies of the Software, and to permit persons to whom the Software is
  ~    furnished to do so, subject to the following conditions:
  ~
  ~    The above copyright notice and this permission notice shall be included in
  ~    all copies or substantial portions of the Software.
  ~
  ~    THE SOFTWARE IS PROVIDED "AS IS", WITHOUT WARRANTY OF ANY KIND, EXPRESS OR
  ~    IMPLIED, INCLUDING BUT NOT LIMITED TO THE WARRANTIES OF MERCHANTABILITY,
  ~    FITNESS FOR A PARTICULAR PURPOSE AND NONINFRINGEMENT. IN NO EVENT SHALL THE
  ~    AUTHORS OR COPYRIGHT HOLDERS BE LIABLE FOR ANY CLAIM, DAMAGES OR OTHER
  ~    LIABILITY, WHETHER IN AN ACTION OF CONTRACT, TORT OR OTHERWISE, ARISING FROM,
  ~    OUT OF OR IN CONNECTION WITH THE SOFTWARE OR THE USE OR OTHER DEALINGS IN
  ~    THE SOFTWARE.
  -->

<beans xmlns="http://www.springframework.org/schema/beans"
   xmlns:xsi="http://www.w3.org/2001/XMLSchema-instance"
   xmlns:tx="http://www.springframework.org/schema/tx"
   xmlns:jpa="http://www.springframework.org/schema/data/jpa"
   xsi:schemaLocation="
      http://www.springframework.org/schema/beans 
      http://www.springframework.org/schema/beans/spring-beans.xsd
      http://www.springframework.org/schema/tx 
      http://www.springframework.org/schema/tx/spring-tx.xsd
      http://www.springframework.org/schema/data/jpa 
      http://www.springframework.org/schema/data/jpa/spring-jpa.xsd">

  <bean class="org.springframework.orm.jpa.support.PersistenceAnnotationBeanPostProcessor" />

  <tx:annotation-driven/>

  <import resource="classpath:/database.xml" />
  
  <bean id="jpaVendorAdapter" class="org.springframework.orm.jpa.vendor.HibernateJpaVendorAdapter">
    <property name="databasePlatform" value="org.hibernate.dialect.DerbyDialect" />
    <property name="showSql" value="false" />
    <property name="generateDdl" value="true" />
  </bean>
  
  <bean id="transactionManager" class="org.springframework.orm.jpa.JpaTransactionManager">
    <property name="entityManagerFactory" ref="entityManagerFactory" />
  </bean>
  
  <bean id="entityManagerFactory" class="org.springframework.orm.jpa.LocalContainerEntityManagerFactoryBean">
    <property name="persistenceUnitManager" ref="pum"/>
    <property name="jpaVendorAdapter" ref="jpaVendorAdapter" />
    
    <property name="jpaProperties">
      <props>
        <prop key="hibernate.default_schema">CRAWLER</prop>
      </props>
    </property>
  </bean>
  
  <bean id="pum" class="org.springframework.orm.jpa.persistenceunit.DefaultPersistenceUnitManager">
    <property name="packagesToScan" >
      <list>
        <value>com.vk.crawler.*</value>
      </list>
    </property>
    <property name="dataSources">
      <map>
        <entry key="localDataSource" value-ref="dataSource"/>
      </map>
    </property>
    <!-- if no datasource is specified, use this one -->
    <property name="defaultDataSource" ref="dataSource"/>
    <property name="defaultPersistenceUnitName" value="crawler-jpa-unit"/>
  </bean>
</beans>