<?xml version="1.0" encoding="UTF-8"?>
<!--
  ~ Copyright (C) 2016 by Vashistha kumar
  ~
  ~    Permission is hereby granted, free of charge, to any person obtaining a copy
  ~    of this software and associated documentation files (the "Software"), to deal
  ~    in the Software without restriction, including without limitation the rights
  ~    to use, copy, modify, merge, publish, distribute, sublicense, and/or sell
  ~    copies of the Software, and to permit persons to whom the Software is
  ~    furnished to do so, subject to the following conditions:
  ~
  ~    The above copyright notice and this permission notice shall be included in
  ~    all copies or substantial portions of the Software.
  ~
  ~    THE SOFTWARE IS PROVIDED "AS IS", WITHOUT WARRANTY OF ANY KIND, EXPRESS OR
  ~    IMPLIED, INCLUDING BUT NOT LIMITED TO THE WARRANTIES OF MERCHANTABILITY,
  ~    FITNESS FOR A PARTICULAR PURPOSE AND NONINFRINGEMENT. IN NO EVENT SHALL THE
  ~    AUTHORS OR COPYRIGHT HOLDERS BE LIABLE FOR ANY CLAIM, DAMAGES OR OTHER
  ~    LIABILITY, WHETHER IN AN ACTION OF CONTRACT, TORT OR OTHERWISE, ARISING FROM,
  ~    OUT OF OR IN CONNECTION WITH THE SOFTWARE OR THE USE OR OTHER DEALINGS IN
  ~    THE SOFTWARE.
  -->

<persistence xmlns="http://xmlns.jcp.org/xml/ns/persistence"
             xmlns:xsi="http://www.w3.org/2001/XMLSchema-instance"
             xsi:schemaLocation="http://xmlns.jcp.org/xml/ns/persistence http://xmlns.jcp.org/xml/ns/persistence/persistence_2_1.xsd"
             version="2.1"> 
  <persistence-unit name="crawler-lang-cobol" transaction-type="RESOURCE_LOCAL">
    <description>Persistence Cobol batch</description>
    <provider>org.hibernate.ejb.HibernatePersistence</provider>
    <mapping-file>META-INF/orm-cobol.xml</mapping-file>
    
    <class>com.vk.crawler.core.util.persistence.AbstractEntity</class>
    <class>com.vk.crawler.cobol.persistence.entity.CobolFileEntity</class>
    <class>com.vk.crawler.cobol.persistence.entity.CobolFileCodeMetricsEntity</class>
    <class>com.vk.crawler.cobol.persistence.entity.CrawlerTriggerEntity</class>
    
    <properties>
      <property name="hibernate.default_schema" value="CRAWLER"/>
    </properties>
  </persistence-unit>
</persistence>